CustomerID ,SimilarCustomerID,SimilarityScore
C0001                , C0174    ,0.96348
C0001                      ,C0152,0.951797
C0001                      ,C0107,0.947931
 C0002                      ,C0106,0.921003
C0002                      ,C0159,0.90976
C0002                      ,C00)5,0.906467
C0003                      ,C0129,0.866113
C0003                      ,C0190,0.860165
C0003                      ,C0039,0.779408
C0004                      ,C0113,0.982045
